Scenario,N_Params,Difficulty,WCS_Error,WCS_Time,WCS_Iter,WCS_Converged,WCS_F_Error,WCS_F_Time,WCS_F_Iter,WCS_F_Converged,BRO_Cost,BRO_Time,BRO_Iter,BRO_Converged,AdamW_Cost,AdamW_Time,AdamW_Iter,AdamW_Converged
Small Easy,5,easy,,0.9215350151062012,0,False,,0.006682157516479492,0,False,1.5876235805594563e-07,0.012422323226928711,10,True,11.176613526382226,0.07227158546447754,51,False
Small Medium,5,medium,,0.03405451774597168,0,False,,0.03210902214050293,0,False,0.008673139145670878,0.025052309036254883,16,True,462.86477491831573,0.05352640151977539,51,False
Small Hard,5,hard,,0.0007245540618896484,0,False,,0.0034265518188476562,0,False,1609110.7607888132,0.07456254959106445,51,False,907801117846.869,0.05491352081298828,51,False
Medium Easy,10,easy,,0.009505510330200195,0,False,,0.010757207870483398,0,False,1.463007454788209e-07,0.015743017196655273,10,True,10.248427669801842,0.05364274978637695,51,False
Medium Medium,10,medium,,0.016672849655151367,0,False,,0.004617929458618164,0,False,0.006624812467640049,0.03220844268798828,19,True,941.6032336858804,0.06641149520874023,51,False
Medium Hard,10,hard,,0.012675285339355469,0,False,,0.015768051147460938,0,False,1704125.5837581204,0.06700897216796875,51,False,839499472988.6371,0.06435394287109375,51,False
Large Easy,20,easy,,0.7982358932495117,0,False,,0.02674579620361328,0,False,1.2389380418509418e-07,0.0171201229095459,10,True,8.392690055553981,0.0684053897857666,51,False
Large Medium,20,medium,,0.8650825023651123,0,False,,0.0024344921112060547,0,False,0.005256166778598147,0.02131819725036621,31,True,1671.6509510649394,0.025310754776000977,51,False
